{"10914,10922": [0.679060810285203, 0.681941222245284], "59338,59233": [-0.294936206934656, -0.495847224992649], "36702,36798": [0.372970247193919, 0.267325568029001], "10868,10922": [-0.84576259299308, 0.681941222245284], "10643,10922": [0.723987209602851, 0.681941222245284], "36658,36798": [0.555707423766005, 0.267325568029001], "58982,59233": [-0.328617095026415, -0.495847224992649], "59158,59233": [-0.113806416091554, -0.495847224992649], "37161,36798": [0.257291886545165, 0.267325568029001], "36651,36798": [0.499836864303005, 0.267325568029001], "58924,59233": [0.445392217166496, -0.495847224992649], "10717,10922": [0.674202084937551, 0.681941222245284], "36965,36798": [0.345057672096428, 0.267325568029001], "43157,36798": [0.638293431139202, 0.267325568029001], "10825,10922": [0.733350667788737, 0.681941222245284], "10915,10922": [0.846876194130324, 0.681941222245284], "10814,10922": [0.656152351996196, 0.681941222245284], "59164,59233": [-0.724965354510086, -0.495847224992649], "36903,36798": [0.245509828786011, 0.267325568029001], "59475,59233": [0.129626685557804, -0.495847224992649], "59541,59233": [-0.052342020903146, -0.495847224992649], "59555,59233": [0.161799403244379, -0.495847224992649], "36946,36798": [0.697780617711646, 0.267325568029001], "59627,59233": [-0.660615040953074, -0.495847224992649], "10565,10922": [0.723272840932993, 0.681941222245284], "59664,59233": [-0.770016955163325, -0.495847224992649], "11125,10922": [0.719225051671977, 0.681941222245284], "37253,36798": [0.614455576402751, 0.267325568029001], "37275,36798": [0.489157814154825, 0.267325568029001], "59146,59233": [-0.118572248182119, -0.495847224992649], "36592,36798": [0.129961845084678, 0.267325568029001], "11018,10922": [0.75574087924645, 0.681941222245284], "59117,59233": [-0.717540093362238, -0.495847224992649], "11130,10922": [0.693065771224871, 0.681941222245284], "59683,59233": [-0.364197494883896, -0.495847224992649], "10995,10922": [0.716998850324471, 0.681941222245284], "11808,10922": [0.739412689477918, 0.681941222245284], "10968,10922": [0.754834880147616, 0.681941222245284], "59309,59233": [-0.202916996061386, -0.495847224992649], "36533,36798": [-0.315136320774285, 0.267325568029001], "67901,36798": [0.264548161162107, 0.267325568029001], "58990,59233": [0.620202222845841, -0.495847224992649], "37215,36798": [0.340560859973371, 0.267325568029001], "36709,36798": [0.410566846602968, 0.267325568029001], "36882,36798": [0.179884268282483, 0.267325568029001], "59031,59233": [-0.0718739528632513, -0.495847224992649], "36631,36798": [0.605605406893838, 0.267325568029001], "58944,59233": [-0.550187158396897, -0.495847224992649], "60281,59233": [-0.0561244229129402, -0.495847224992649], "10920,10922": [0.762320549287083, 0.681941222245284], "37045,36798": [0.337185748834346, 0.267325568029001], "36499,36798": [0.268160749953697, 0.267325568029001], "37289,36798": [0.580058604603995, 0.267325568029001], "36519,36798": [0.244753089939293, 0.267325568029001], "37200,36798": [-0.482258865769296, 0.267325568029001], "59150,59233": [-0.43881645765978, -0.495847224992649], "11011,10922": [0.601528132515688, 0.681941222245284], "11096,10922": [0.397582652097952, 0.681941222245284], "10768,10922": [0.653922817792329, 0.681941222245284], "59129,59233": [-0.490768890132028, -0.495847224992649], "59418,59233": [-0.0398697166702009, -0.495847224992649], "10847,10922": [0.576259840295177, 0.681941222245284], "59257,59233": [-0.290991463610371, -0.495847224992649], "36820,36798": [0.354140233682869, 0.267325568029001], "10681,10922": [0.651317946018284, 0.681941222245284], "36492,36798": [0.363667884641948, 0.267325568029001], "37014,36798": [0.29768563796322, 0.267325568029001], "59100,59233": [0.139895281691174, -0.495847224992649], "59417,59233": [-0.106612159231026, -0.495847224992649], "36715,36798": [0.636860391105538, 0.267325568029001], "11120,10922": [0.444872740614564, 0.681941222245284], "37176,36798": [0.412744628349476, 0.267325568029001], "58965,59233": [-0.202007662235161, -0.495847224992649], "37102,36798": [0.071954028652967, 0.267325568029001], "36777,36798": [0.102889715186032, 0.267325568029001], "59913,59233": [-0.177708093204843, -0.495847224992649], "10977,10922": [0.641295004629538, 0.681941222245284], "36789,36798": [0.172992290288822, 0.267325568029001], "12072,10922": [0.688988883055515, 0.681941222245284], "37292,36798": [0.365349955621054, 0.267325568029001], "10779,10922": [0.492496514993074, 0.681941222245284], "37277,36798": [0.604041042502027, 0.267325568029001], "58901,59233": [-0.066365129618099, -0.495847224992649], "36655,36798": [0.201473048462779, 0.267325568029001], "36755,36798": [0.35614772898364, 0.267325568029001], "36972,36798": [0.490202019167172, 0.267325568029001], "11103,10922": [0.708795372800033, 0.681941222245284], "59564,59233": [-0.180879143177587, -0.495847224992649], "59565,59233": [0.347428758946584, -0.495847224992649], "36707,36798": [0.3184397425161, 0.267325568029001], "58930,59233": [-0.660530364231166, -0.495847224992649], "59341,59233": [0.172277203739672, -0.495847224992649], "59023,59233": [0.375162287913024, -0.495847224992649], "11358,10922": [0.702274940046362, 0.681941222245284], "11058,10922": [0.518946691647864, 0.681941222245284], "36792,36798": [0.0943564176751747, 0.267325568029001], "10626,10922": [0.434017779229897, 0.681941222245284], "10693,10922": [0.697448977077923, 0.681941222245284], "36551,36798": [0.213905884037689, 0.267325568029001], "59333,59233": [-0.704027852451746, -0.495847224992649], "60287,59233": [0.0771291952682508, -0.495847224992649], "36918,36798": [0.198693444096243, 0.267325568029001], "59263,59233": [-0.312146081148773, -0.495847224992649], "59322,59233": [0.0509984874866849, -0.495847224992649], "59504,59233": [-0.607687619089153, -0.495847224992649], "59722,59233": [-0.305258670988892, -0.495847224992649], "10820,10922": [0.758959970241564, 0.681941222245284], "58951,59233": [-0.134821029559299, -0.495847224992649], "37259,36798": [0.619183610825462, 0.267325568029001], "59148,59233": [-0.373676552373479, -0.495847224992649], "37177,36798": [0.159616382272298, 0.267325568029001], "11245,10922": [0.501453373938634, 0.681941222245284], "36742,36798": [0.326709436256459, 0.267325568029001], "36505,36798": [0.337183263095274, 0.267325568029001], "10909,10922": [0.607077683957362, 0.681941222245284], "59274,59233": [-0.241264996417406, -0.495847224992649], "13425,10922": [0.866245818448808, 0.681941222245284], "38944,10922": [0.677145775050495, 0.681941222245284], "58949,59233": [0.253277080755543, -0.495847224992649], "36906,36798": [0.403692154127295, 0.267325568029001], "37037,36798": [0.178602314349285, 0.267325568029001], "10647,10922": [0.653338361796961, 0.681941222245284], "36858,36798": [0.296184191703245, 0.267325568029001], "59006,59233": [0.345041424379294, -0.495847224992649], "36694,36798": [0.427608842221277, 0.267325568029001], "36982,36798": [0.402045893057791, 0.267325568029001], "11150,10922": [0.757017571278611, 0.681941222245284], "59396,59233": [-0.379663879538142, -0.495847224992649], "11339,10922": [0.747617426460148, 0.681941222245284], "11030,10922": [0.656086919832399, 0.681941222245284], "10718,10922": [0.705120659295424, 0.681941222245284], "36547,36798": [0.34812140152519, 0.267325568029001], "59265,59233": [-0.310264112997937, -0.495847224992649], "59652,59233": [0.221485478105493, -0.495847224992649], "59626,59233": [-0.153023589992722, -0.495847224992649], "59529,59233": [-0.282848654811466, -0.495847224992649], "59055,59233": [-0.924825304641565, -0.495847224992649], "59190,59233": [0.363915151478313, -0.495847224992649], "36620,36798": [0.385881450479936, 0.267325568029001], "58960,59233": [-0.257067688175362, -0.495847224992649], "59301,59233": [-0.52774566869825, -0.495847224992649], "11663,10922": [0.662836883605558, 0.681941222245284], "59545,59233": [-0.769465858605067, -0.495847224992649],