{"epoch_1": [3.453587770462036, 2.1410293579101562, 1.830784559249878, 2.0428359508514404, 2.1120524406433105, 2.7889058589935303, 3.3454198837280273, 4.714303970336914, 4.952490329742432, 4.578359603881836]}{"epoch_2": [4.105729103088379, 3.6359190940856934, 3.6809422969818115, 2.7165112495422363, 3.087536334991455, 2.9384119510650635, 2.099210023880005, 2.1732239723205566, 2.1648786067962646, 1.900970220565796]}{"epoch_3": [1.6193947792053223, 1.6610755920410156, 1.5684455633163452, 1.584498643875122, 1.5342068672180176, 1.4142415523529053, 1.4317505359649658, 1.4139763116836548, 1.4364025592803955]}{"epoch_4": [1.392676830291748, 1.409243106842041, 1.4092230796813965, 1.3843824863433838, 1.3413364887237549, 1.3338594436645508, 1.3589043617248535, 1.2818058729171753, 1.344932198524475, 1.3305447101593018]}{"epoch_5": [1.331031322479248, 1.3485532999038696, 1.3611505031585693, 1.3642032146453857, 1.3336213827133179, 1.3361930847167969, 1.347787618637085, 1.3049712181091309, 1.2733145952224731, 1.3546708822250366]}