{"12984,13101": [0.951722565909428, 0.965401733518823], "34559,34484": [-0.926691285103878, -0.762805705431825], "29708,29881": [-0.308069101520155, -0.366909438110194], "53749,54027": [0.437007669910317, -0.116518556613848], "27507,27661": [-0.194857677227456, -0.112293838118585], "13235,13101": [0.925691382498857, 0.965401733518823], "46105,45996": [0.670463078347611, 0.664684654417054], "27633,27661": [-0.366515748636254, -0.112293838118585], "15044,14973": [0.368205137208997, 0.630176102827439], "13176,13101": [0.953941953732899, 0.965401733518823], "15961,14973": [-0.965471839523728, 0.630176102827439], "61390,61419": [0.0364226412287762, -0.286977187026225], "10312,10388": [0.638886572507767, -0.277943167575606], "10392,10388": [-0.0352879064393542, -0.277943167575606], "34319,34484": [-0.853774793551588, -0.762805705431825], "33968,33684": [0.649608531536193, 0.383621456102727], "29721,29881": [-0.73504047346028, -0.366909438110194], "15014,14973": [0.499858278282002, 0.630176102827439], "46032,45996": [0.645156658583576, 0.664684654417054], "29850,29881": [-0.344709365754116, -0.366909438110194], "15073,14973": [0.918058964065226, 0.630176102827439], "10286,10388": [0.669399596444587, -0.277943167575606], "10250,10388": [1.24720805348077, -0.277943167575606], "34354,34484": [-0.8048524508101, -0.762805705431825], "10518,10388": [0.595061224733027, -0.277943167575606], "53993,54027": [0.296719580270137, -0.116518556613848], "15050,14973": [0.492163516256789, 0.630176102827439], "53903,54027": [0.287337893392349, -0.116518556613848], "14986,14973": [0.324120528587057, 0.630176102827439], "34390,34484": [-0.619860209822267, -0.762805705431825], "34392,34484": [-0.677318986840601, -0.762805705431825], "53883,54027": [0.479622135942959, -0.116518556613848], "29638,29881": [-0.0340388126395506, -0.366909438110194], "33761,33684": [0.634032643280717, 0.383621456102727], "46075,45996": [0.541366652345074, 0.664684654417054], "33728,33684": [0.496927494537135, 0.383621456102727], "34518,34484": [-0.720845329019175, -0.762805705431825], "27436,27661": [0.183124072384833, -0.112293838118585], "27504,27661": [-0.243007810830692, -0.112293838118585], "34528,34484": [-0.725899662606085, -0.762805705431825], "34493,34484": [-0.770510037692957, -0.762805705431825], "53850,54027": [-0.207524281337649, -0.116518556613848], "61421,61419": [-0.729329788203421, -0.286977187026225], "29832,29881": [-0.327898131958383, -0.366909438110194], "13199,13101": [0.933944030332303, 0.965401733518823], "34444,34484": [-0.60771405458715, -0.762805705431825], "53938,54027": [-0.0662913480529464, -0.116518556613848], "27697,27661": [0.937991153948852, -0.112293838118585], "29601,29881": [-0.306689182835261, -0.366909438110194], "33724,33684": [0.620219547436222, 0.383621456102727], "27620,27661": [-0.237588326401135, -0.112293838118585], "15989,10388": [-0.915717331536403, -0.277943167575606], "53839,54027": [0.22613417572048, -0.116518556613848], "61484,61419": [-0.094986795435756, -0.286977187026225], "45785,45996": [-1.05339831691887, 0.664684654417054], "61394,61419": [1.04824180595695, -0.286977187026225], "54055,54027": [0.359423532966135, -0.116518556613848], "34470,34484": [-1.10333337227188, -0.762805705431825], "15999,33684": [0.242069553065897, 0.383621456102727], "15201,14973": [1.03918133383989, 0.630176102827439], "29863,29881": [0.541143034074372, -0.366909438110194], "53830,54027": [0.398799348343613, -0.116518556613848], "10499,10388": [-0.00378460420374663, -0.277943167575606], "33826,33684": [0.355541930859875, 0.383621456102727], "10289,10388": [0.48807542804436, -0.277943167575606], "27488,27661": [0.615343412528078, -0.112293838118585], "15973,10388": [-0.852133309067867, -0.277943167575606], "27417,27661": [-0.235305169544109, -0.112293838118585], "29821,29881": [-0.396943790557783, -0.366909438110194], "10444,10388": [0.445396142372209, -0.277943167575606], "34506,34484": [-0.723051291608682, -0.762805705431825], "10273,10388": [-0.109812582384053, -0.277943167575606], "34541,34484": [-0.53195962535854, -0.762805705431825], "15087,14973": [0.996378134904269, 0.630176102827439], "10411,10388": [0.513281149042457, -0.277943167575606], "27411,27661": [-0.370145884692344, -0.112293838118585], "13029,13101": [0.967719410234693, 0.965401733518823], "46076,45996": [0.57461814762014, 0.664684654417054], "61316,61419": [0.816172194486456, -0.286977187026225], "29707,29881": [-0.456272029134913, -0.366909438110194], "13216,13101": [0.992298295432227, 0.965401733518823], "34455,34484": [-0.244269246461388, -0.762805705431825], "61365,61419": [-0.126403472927746, -0.286977187026225], "53792,54027": [0.54829666378518, -0.116518556613848], "45817,45996": [1.13325885282705, 0.664684654417054], "15063,14973": [0.703482089152866, 0.630176102827439], "53914,54027": [0.912870555180166, -0.116518556613848], "33837,33684": [0.651790716929936, 0.383621456102727], "27383,27661": [0.215990761804391, -0.112293838118585], "13232,13101": [1.03228082184683, 0.965401733518823], "61252,61419": [0.0756993754669689, -0.286977187026225], "33813,33684": [0.453396756651701, 0.383621456102727], "15234,14973": [0.469899898917329, 0.630176102827439], "10420,10388": [0.628270467699995, -0.277943167575606], "32547,33684": [0.935646207394561, 0.383621456102727], "53936,54027": [-0.117765210004062, -0.116518556613848], "27446,27661": [0.0647254612919314, -0.112293838118585], "27553,27661": [-0.00234204945106224, -0.112293838118585], "61248,61419": [-0.240506006107237, -0.286977187026225], "10517,10388": [0.135404201251747, -0.277943167575606], "33985,33684": [0.839569193323639, 0.383621456102727], "34383,34484": [-0.570997839006957, -0.762805705431825], "27517,27661": [0.298858121727112, -0.112293838118585], "13253,13101": [0.948659810885589, 0.965401733518823], "34556,34484": [-0.875404595594209, -0.762805705431825], "61443,61419": [0.889816091747909, -0.286977187026225], "33735,33684": [0.435109094637707, 0.383621456102727], "27622,27661": [-0.273696623748103, -0.112293838118585], "34443,34484": [-0.867729937120721, -0.762805705431825], "61236,61419": [-0.25455108035554, -0.286977187026225], "14959,14973": [-0.509519090020808, 0.630176102827439], "34511,34484": [-0.588015191086882, -0.762805705431825], "33863,33684": [0.619966527207128, 0.383621456102727], "61397,61419": [-0.0805913617999315, -0.286977187026225], "33682,33684": [-0.780848657248704, 0.383621456102727], "13116,13101": [0.931029107437684, 0.965401733518823], "34454,34484": [-0.739439109824326, -0.762805705431825], "45921,45996": [0.499529601684888, 0.664684654417054], "34448,34484": [-0.16920257123317, -0.762805705431825], "34460,34484": [-0.0559265574987411, -0.762805705431825], "53782,54027": [0.325697016727356, -0.116518556613848], "61407,61419": [-0.0449289651375046, -0.286977187026225], "27564,27661": [0.236515793354071, -0.112293838118585], "13048,13101": [0.956509546252704, 0.965401733518823], "53798,54027": [0.27353794172035, -0.116518556613848], "53956,54027": [1.06407076172757, -0.116518556613848], "33694,33684": [0.678489561345023, 0.383621456102727], "54008,54027": [0.204148315300011, -0.116518556613848], "53939,54027": [0.345847243021148, -0.116518556613848], "61379,61419": [-0.572249456987736, -0.286977187026225], "34595,34484": [-0.57450412635622, -0.762805705431825], "13111,13101": [0.983138668799206, 0.965401733518823], "15194,14973": [0.148028335098602, 0.630176102827439], "34620,34484": [0.829319463609686, -0.762805705431825], "53991,54027": [0.152588171746896, -0.116518556613848], "54014,54027": [0.220604718312503, -0.116518556613848], "32557,27661": [0.201842506903746, -0.112293838118585], "33963,33684": [0.43020434713938, 0.383621456102727], "27637,27661": [0.161474273882299, -0.112293838118585], "10486,10388": [1.10842223632531, -0.277943167575606], "34634,34484": [-0.345528764074905, -0.762805705431825], "27585,27661": [-0.162768390474164, -0.112293838118585],